Deal Name,Phone Number,Current Website,Report URL
Sloth Encounters,15165890085,https://www.slothencountersnyc.com/,https://keyword-report-production.up.railway.app/reports/slothencounters_keyword_report.pdf
Help Providers Initiative,12024892761,https://www.helpprovidersinitiative.org/contact,https://keyword-report-production.up.railway.app/reports/helpprovidersinitiative_keyword_report.pdf
Mc Intosh Plumbing & Heating Inc,16317866954,https://mcintoshplumbingandheating.com/,https://keyword-report-production.up.railway.app/reports/mcintoshplumbingheatinginc_keyword_report.pdf
RTM RANCH ,18172472225,https://www.rtmranchstables.com/,https://keyword-report-production.up.railway.app/reports/rtmranchstables_keyword_report.pdf
A & O Asheville Construction LLC,18284506156,https://www.aoasheville.com/,https://keyword-report-production.up.railway.app/reports/aoashevilleconstructionllc_keyword_report.pdf
Chewys House Painting Inc,18057247778,https://chewyshousepaintinginc.com/,https://keyword-report-production.up.railway.app/reports/chewyshousepaintinginc_keyword_report.pdf
Jonathan Moser,19175724696,https://www.remoteediting.tv/,https://keyword-report-production.up.railway.app/reports/flashcutproductions_keyword_report.pdf
Perfect Touch Maid Cleaning Services,13128520647,https://perfecttouchmaidcleaning.com/,https://keyword-report-production.up.railway.app/reports/perfecttouchmaidcleaning_keyword_report.pdf
EaglesNest Bernedoodle,16463317697,https://www.eaglesnestbernedoodles.com/,https://keyword-report-production.up.railway.app/reports/eaglesnestbernedoodles_keyword_report.pdf
Modern A Frame in the Hudson Valley,18452330799,https://aframe.my.futurestay.com/contact,https://keyword-report-production.up.railway.app/reports/unknownvacationtravelbusiness_keyword_report.pdf
"David J. Dumais, LCSW",19178389534,https://www.dumais.me/contact,https://keyword-report-production.up.railway.app/reports/daviddumaislcsw_keyword_report.pdf
Clean is Clean,16892935424,https://cleanisclean.com/,https://keyword-report-production.up.railway.app/reports/cleanisclean_keyword_report.pdf
Pawfect Pets,16158780429,https://www.pawfectpet-info.com/,https://keyword-report-production.up.railway.app/reports/pawfectpet_keyword_report.pdf
Mounir Ghaly,14153613499,https://www.mghalyinvestments.com/contact,https://keyword-report-production.up.railway.app/reports/mounirghalyfinancialadvisor_keyword_report.pdf
Jewell Nursing Solutions,16504304852,https://jewellnursingsolutions.com/,https://keyword-report-production.up.railway.app/reports/jewellnursingsolutions_keyword_report.pdf
Productos La Rosa,12133057816,https://www.productoslarosa.com/,https://keyword-report-production.up.railway.app/reports/productoslarosa_keyword_report.pdf
Neighborhood Plastering,13236919791,https://www.neighborhoodplastering.com/,https://keyword-report-production.up.railway.app/reports/neighborhoodplasteringinc_keyword_report.pdf
Critter Retreat,18653616656,https://www.critterretreat.com/,https://keyword-report-production.up.railway.app/reports/critterretreat_keyword_report.pdf
Finch Field Services,16784808324,http://www.finchfieldservices.com/,https://keyword-report-production.up.railway.app/reports/finchfieldservices_keyword_report.pdf
Let's Flex It ,15406546474,https://1stphorm.com/?a_aid=LetsFlexIt&fbclid=IwY2xjawMtaHFleHRuA2FlbQIxMABicmlkETFGaTdQcWtBb3ZoRTNnZFJCAR5HoN7eP4LLC1T5sBS0lIJmdBfFnOrDitSqLwyyIk3g44cmINGDal1F2gTDCQ_aem_PJngVfUXh5d7pMpO7JWWeQ,
Braco Realty Capital,13033562945,http://bracorealtycapital.com/,https://keyword-report-production.up.railway.app/reports/bracorealtycapitalllc_keyword_report.pdf
ST&C Pool Builders,18172331285,https://stcpool.com/,https://keyword-report-production.up.railway.app/reports/stcpoolbuilders_keyword_report.pdf
Purple Sage Salon ,14802122300,https://purple-sage-salon.square.site/,https://keyword-report-production.up.railway.app/reports/purplesagesalon_keyword_report.pdf
VNC Renovate Inc,19163355265,https://vncrenovate.com/,https://keyword-report-production.up.railway.app/reports/vncrenovate_keyword_report.pdf
Laz Coating,14845911396,https://lazcoating.com/,https://keyword-report-production.up.railway.app/reports/lazcoatingllc_keyword_report.pdf